{
  "root" : {
    "__class" : "RootNode",
    "children" : [
      {
        "__class" : "FrameNode",
        "aspectRatio" : null,
        "blendingEnabled" : 0,
        "blendingMode" : "normal",
        "bottom" : null,
        "centerAnchorX" : 0,
        "centerAnchorY" : 0,
        "children" : [
          {
            "__class" : "FrameNode",
            "aspectRatio" : null,
            "blendingEnabled" : 0,
            "blendingMode" : "normal",
            "bottom" : 43,
            "centerAnchorX" : 0.5,
            "centerAnchorY" : 0.5,
            "children" : [
              {
                "__class" : "TextNode",
                "autoSize" : true,
                "bottom" : null,
                "centerAnchorX" : 0.498046875,
                "centerAnchorY" : 0.4966216216216216,
                "codeOverrideEnabled" : false,
                "constraintsLocked" : false,
                "exportOptions" : [

                ],
                "height" : 19,
                "heightType" : 0,
                "id" : "w15YQPUuJ",
                "isTarget" : false,
                "left" : null,
                "locked" : false,
                "name" : null,
                "opacity" : 1,
                "originalid" : null,
                "parentid" : "RtIje3quE",
                "right" : null,
                "rotation" : 0,
                "styledText" : {
                  "__class" : "StyledTextDraft",
                  "blocks" : [
                    {
                      "data" : {
                        "emptyStyle" : [
                          "FONT:__SystemDefault-400-normal__",
                          "SIZE:16",
                          "LETTERSPACING:0",
                          "LINEHEIGHT:1.2",
                          "COLOR:hsl(0, 0%, 100%)"
                        ]
                      },
                      "depth" : 0,
                      "entityRanges" : [

                      ],
                      "inlineStyleRanges" : [
                        {
                          "length" : 11,
                          "offset" : 0,
                          "style" : "FONT:__SystemDefault-400-normal__"
                        },
                        {
                          "length" : 11,
                          "offset" : 0,
                          "style" : "SIZE:16"
                        },
                        {
                          "length" : 11,
                          "offset" : 0,
                          "style" : "LETTERSPACING:0"
                        },
                        {
                          "length" : 11,
                          "offset" : 0,
                          "style" : "LINEHEIGHT:1.2"
                        },
                        {
                          "length" : 11,
                          "offset" : 0,
                          "style" : "COLOR:hsl(0, 0%, 100%)"
                        }
                      ],
                      "key" : "63nct",
                      "text" : "Hello World",
                      "type" : "unstyled"
                    }
                  ],
                  "cached" : {
                    "html" : "<div data-offset-key=\"63nct-0-0\" class=\"public-DraftStyleDefault-block public-DraftStyleDefault-ltr\"><span data-offset-key=\"63nct-0-0\" style=\"tab-size:4;font-family:&quot;system-ui&quot;, &quot;-apple-system&quot;, &quot;BlinkMacSystemFont&quot;, &quot;Segoe UI&quot;, &quot;Roboto&quot;, &quot;Oxygen&quot;, &quot;Ubuntu&quot;, &quot;Cantarell&quot;, &quot;Fira Sans&quot;, &quot;Droid Sans&quot;, &quot;Helvetica Neue&quot;, &quot;sans-serif&quot;, serif;-webkit-text-fill-color:hsl(0, 0%, 100%);font-size:16px;letter-spacing:0px;line-height:1.2\"><span data-text=\"true\">Hello World<\/span><\/span><\/div>",
                    "os" : "macos 10_14 framerx",
                    "size" : {
                      "height" : 19,
                      "width" : 85
                    },
                    "width" : 0
                  },
                  "entityMap" : {

                  }
                },
                "top" : null,
                "visible" : true,
                "width" : 85,
                "widthType" : 0
              }
            ],
            "clip" : false,
            "codeOverrideEnabled" : false,
            "constraintsLocked" : false,
            "deviceType" : null,
            "exportOptions" : [

            ],
            "fillColor" : "hsl(327, 100%, 50%)",
            "fillEnabled" : true,
            "fillImage" : null,
            "fillImageOriginalName" : null,
            "fillImagePixelHeight" : null,
            "fillImagePixelWidth" : null,
            "fillImageResize" : "fill",
            "fillType" : "color",
            "guidesX" : [

            ],
            "guidesY" : [

            ],
            "height" : 148,
            "heightType" : 0,
            "id" : "RtIje3quE",
            "intrinsicHeight" : null,
            "intrinsicWidth" : null,
            "isExternalMaster" : null,
            "isMaster" : true,
            "isTarget" : false,
            "left" : 33,
            "locked" : false,
            "name" : "ComponentFromCode",
            "navigationTarget" : null,
            "navigationTransition" : "push",
            "navigationTransitionBackdropColor" : "rgba(4,4,15,.4)",
            "navigationTransitionDirection" : "left",
            "opacity" : 1,
            "originalid" : null,
            "parentid" : "oxeoV41w8",
            "previewSettings" : null,
            "radius" : 0,
            "radiusBottomLeft" : 0,
            "radiusBottomRight" : 0,
            "radiusIsRelative" : false,
            "radiusPerCorner" : false,
            "radiusTopLeft" : 0,
            "radiusTopRight" : 0,
            "replicaInfo" : null,
            "right" : 33,
            "rotation" : 0,
            "top" : 43,
            "visible" : true,
            "width" : 256,
            "widthType" : 0
          }
        ],
        "clip" : true,
        "codeOverrideEnabled" : false,
        "constraintsLocked" : false,
        "deviceType" : null,
        "exportOptions" : [

        ],
        "fillColor" : "white",
        "fillEnabled" : true,
        "fillImage" : null,
        "fillImageOriginalName" : null,
        "fillImagePixelHeight" : null,
        "fillImagePixelWidth" : null,
        "fillImageResize" : "fill",
        "fillType" : "color",
        "guidesX" : [

        ],
        "guidesY" : [

        ],
        "height" : 234,
        "heightType" : 0,
        "id" : "oxeoV41w8",
        "intrinsicHeight" : null,
        "intrinsicWidth" : null,
        "isExternalMaster" : null,
        "isMaster" : false,
        "isTarget" : false,
        "left" : 0,
        "locked" : false,
        "name" : null,
        "navigationTarget" : null,
        "navigationTransition" : "push",
        "navigationTransitionBackdropColor" : "rgba(4,4,15,.4)",
        "navigationTransitionDirection" : "left",
        "opacity" : 1,
        "originalid" : null,
        "parentid" : "pkpUnHog7",
        "previewSettings" : null,
        "radius" : 0,
        "radiusBottomLeft" : 0,
        "radiusBottomRight" : 0,
        "radiusIsRelative" : false,
        "radiusPerCorner" : false,
        "radiusTopLeft" : 0,
        "radiusTopRight" : 0,
        "replicaInfo" : null,
        "right" : null,
        "rotation" : 0,
        "top" : 0,
        "visible" : true,
        "width" : 322,
        "widthType" : 0
      },
      {
        "__class" : "FrameNode",
        "aspectRatio" : null,
        "blendingEnabled" : 0,
        "blendingMode" : "normal",
        "bottom" : null,
        "centerAnchorX" : 0,
        "centerAnchorY" : 0,
        "children" : [
          {
            "__class" : "FrameNode",
            "aspectRatio" : null,
            "blendingEnabled" : 0,
            "blendingMode" : "normal",
            "bottom" : 37,
            "centerAnchorX" : 0.5,
            "centerAnchorY" : 0.5,
            "children" : [

            ],
            "clip" : false,
            "codeOverrideEnabled" : false,
            "constraintsLocked" : false,
            "deviceType" : null,
            "exportOptions" : [

            ],
            "fillColor" : "hsl(327, 67%, 76%)",
            "fillEnabled" : true,
            "fillImage" : null,
            "fillImageOriginalName" : null,
            "fillImagePixelHeight" : null,
            "fillImagePixelWidth" : null,
            "fillImageResize" : "fill",
            "fillType" : "color",
            "guidesX" : [

            ],
            "guidesY" : [

            ],
            "height" : 148,
            "heightType" : 0,
            "id" : "Xauo7l_06",
            "intrinsicHeight" : null,
            "intrinsicWidth" : null,
            "isExternalMaster" : null,
            "isMaster" : false,
            "isTarget" : false,
            "left" : 33,
            "locked" : false,
            "name" : "ComponentFromCode",
            "navigationTarget" : null,
            "navigationTransition" : "push",
            "navigationTransitionBackdropColor" : "rgba(4,4,15,.4)",
            "navigationTransitionDirection" : "left",
            "opacity" : 1,
            "originalid" : "RtIje3quE",
            "parentid" : "mmMJznvoj",
            "previewSettings" : null,
            "radius" : 0,
            "radiusBottomLeft" : 0,
            "radiusBottomRight" : 0,
            "radiusIsRelative" : false,
            "radiusPerCorner" : false,
            "radiusTopLeft" : 0,
            "radiusTopRight" : 0,
            "replicaInfo" : {
              "master" : "RtIje3quE",
              "overrides" : {
                "RtIje3quE" : {
                  "bottom" : 37,
                  "centerAnchorX" : 0.5,
                  "centerAnchorY" : 0.5,
                  "fillColor" : "hsl(327, 67%, 76%)",
                  "left" : 33,
                  "right" : 33,
                  "top" : 37
                }
              }
            },
            "right" : 33,
            "rotation" : 0,
            "top" : 37,
            "visible" : true,
            "width" : 256,
            "widthType" : 0
          }
        ],
        "clip" : true,
        "codeOverrideEnabled" : false,
        "constraintsLocked" : false,
        "deviceType" : null,
        "exportOptions" : [

        ],
        "fillColor" : "white",
        "fillEnabled" : true,
        "fillImage" : null,
        "fillImageOriginalName" : null,
        "fillImagePixelHeight" : null,
        "fillImagePixelWidth" : null,
        "fillImageResize" : "fill",
        "fillType" : "color",
        "guidesX" : [

        ],
        "guidesY" : [

        ],
        "height" : 222,
        "heightType" : 0,
        "id" : "mmMJznvoj",
        "intrinsicHeight" : null,
        "intrinsicWidth" : null,
        "isExternalMaster" : null,
        "isMaster" : false,
        "isTarget" : false,
        "left" : 0,
        "locked" : false,
        "name" : null,
        "navigationTarget" : null,
        "navigationTransition" : "push",
        "navigationTransitionBackdropColor" : "rgba(4,4,15,.4)",
        "navigationTransitionDirection" : "left",
        "opacity" : 1,
        "originalid" : null,
        "parentid" : "pkpUnHog7",
        "previewSettings" : null,
        "radius" : 0,
        "radiusBottomLeft" : 0,
        "radiusBottomRight" : 0,
        "radiusIsRelative" : false,
        "radiusPerCorner" : false,
        "radiusTopLeft" : 0,
        "radiusTopRight" : 0,
        "replicaInfo" : null,
        "right" : null,
        "rotation" : 0,
        "top" : 279,
        "visible" : true,
        "width" : 322,
        "widthType" : 0
      },
      {
        "__class" : "CodeComponentNode",
        "aspectRatio" : null,
        "bottom" : null,
        "centerAnchorX" : 0,
        "centerAnchorY" : 0,
        "children" : [

        ],
        "clip" : true,
        "codeComponentIdentifier" : ".\/Rotate.tsx_Rotate",
        "codeComponentProps" : {
          "Rotate" : 0,
          "text" : "Hello Framer!",
          "tint" : "#0099ff"
        },
        "codeOverrideEnabled" : false,
        "constraintsLocked" : false,
        "deviceType" : null,
        "exportOptions" : [

        ],
        "fillColor" : "rgba(255,255,255,1)",
        "fillEnabled" : false,
        "fillImage" : null,
        "fillImageOriginalName" : null,
        "fillImagePixelHeight" : null,
        "fillImagePixelWidth" : null,
        "fillImageResize" : "fill",
        "fillType" : "color",
        "height" : 128,
        "heightType" : 0,
        "id" : "OCcQ9vr3T",
        "intrinsicHeight" : 128,
        "intrinsicWidth" : 240,
        "left" : 514,
        "locked" : false,
        "name" : null,
        "opacity" : 1,
        "originalid" : null,
        "parentid" : "pkpUnHog7",
        "previewSettings" : null,
        "radius" : 0,
        "radiusBottomLeft" : 0,
        "radiusBottomRight" : 0,
        "radiusIsRelative" : false,
        "radiusPerCorner" : false,
        "radiusTopLeft" : 0,
        "radiusTopRight" : 0,
        "right" : null,
        "rotation" : 0,
        "top" : 42,
        "visible" : true,
        "width" : 240,
        "widthType" : 0
      }
    ],
    "guidesX" : [

    ],
    "guidesY" : [

    ],
    "id" : "pkpUnHog7",
    "name" : null,
    "originalid" : null,
    "parentid" : null,
    "tokens" : {

    },
    "tokensIndex" : [

    ],
    "visible" : false
  },
  "version" : 55
}